-- phpMyAdmin SQL Dump
-- version 4.8.4
-- https://www.phpmyadmin.net/
--
-- Host: 127.0.0.1
-- Generation Time: Mar 17, 2019 at 09:58 AM
-- Server version: 10.1.37-MariaDB
-- PHP Version: 7.3.0

SET SQL_MODE = "NO_AUTO_VALUE_ON_ZERO";
SET AUTOCOMMIT = 0;
START TRANSACTION;
SET time_zone = "+00:00";


/*!40101 SET @OLD_CHARACTER_SET_CLIENT=@@CHARACTER_SET_CLIENT */;
/*!40101 SET @OLD_CHARACTER_SET_RESULTS=@@CHARACTER_SET_RESULTS */;
/*!40101 SET @OLD_COLLATION_CONNECTION=@@COLLATION_CONNECTION */;
/*!40101 SET NAMES utf8mb4 */;

--
-- Database: `redstar`
--

-- --------------------------------------------------------

--
-- Table structure for table `komentar`
--

CREATE TABLE `komentar` (
  `id_komentar` int(10) NOT NULL,
  `tekst` text COLLATE utf8_unicode_ci NOT NULL,
  `id_post` int(10) NOT NULL,
  `id_korisnik` int(10) NOT NULL
) ENGINE=InnoDB DEFAULT CHARSET=utf8 COLLATE=utf8_unicode_ci;

--
-- Dumping data for table `komentar`
--

INSERT INTO `komentar` (`id_komentar`, `tekst`, `id_post`, `id_korisnik`) VALUES
(1, 'Ovo je komentaaaaar!', 3, 1),
(2, 'Da l je moguce', 5, 1),
(3, 'Ipak verujem', 12, 1),
(4, 'A sadsadsadsa', 14, 8),
(5, 'Hoce li?', 12, 8),
(6, 'Svaka mi cast', 13, 1),
(7, 'To boki brate!!', 15, 1),
(8, 'Ajde zvezdoo!!!', 14, 1),
(9, 'Samo napred!!!', 13, 8),
(10, 'Da da da !', 17, 8),
(11, 'Lepo lepo!', 16, 1),
(12, 'Supeer!', 18, 10),
(13, 'auuu', 12, 1);

-- --------------------------------------------------------

--
-- Table structure for table `korisnik`
--

CREATE TABLE `korisnik` (
  `id_korisnik` int(10) NOT NULL,
  `ime` varchar(50) COLLATE utf8_unicode_ci NOT NULL,
  `prezime` varchar(50) COLLATE utf8_unicode_ci NOT NULL,
  `email` varchar(255) COLLATE utf8_unicode_ci NOT NULL,
  `korisnicko_ime` varchar(100) COLLATE utf8_unicode_ci NOT NULL,
  `lozinka` varchar(255) COLLATE utf8_unicode_ci NOT NULL,
  `id_uloga` int(10) NOT NULL
) ENGINE=InnoDB DEFAULT CHARSET=utf8 COLLATE=utf8_unicode_ci;

--
-- Dumping data for table `korisnik`
--

INSERT INTO `korisnik` (`id_korisnik`, `ime`, `prezime`, `email`, `korisnicko_ime`, `lozinka`, `id_uloga`) VALUES
(1, 'Veljko', 'Radenkovic', 'vekicaradenkovic@gmail.com', 'peraperic', 'e64b78fc3bc91bcbc7dc232ba8ec59e0', 1),
(10, 'Jovana', 'Mijailovic', 'joka@gmail.com', 'joka123', 'c348a4d6d2c5784ebea600a6a03ea17f', 2),
(11, 'Marko', 'Markovic', 'gogi@gmail.com', 'maki123', 'bcf82e75cb23df968b89d038ab06400b', 2),
(13, 'Goran', 'Radenkovic', 'gogi@gmail.com', 'gogi123', '09194fc4d95cd3a1f441ec7df3c9855a', 2);

-- --------------------------------------------------------

--
-- Table structure for table `meni`
--

CREATE TABLE `meni` (
  `id_meni` int(10) NOT NULL,
  `naziv` varchar(50) COLLATE utf8_unicode_ci NOT NULL,
  `link` varchar(255) COLLATE utf8_unicode_ci NOT NULL,
  `tip` varchar(20) COLLATE utf8_unicode_ci NOT NULL
) ENGINE=InnoDB DEFAULT CHARSET=utf8 COLLATE=utf8_unicode_ci;

--
-- Dumping data for table `meni`
--

INSERT INTO `meni` (`id_meni`, `naziv`, `link`, `tip`) VALUES
(1, 'Početna', '/', 'korisnik'),
(2, 'About', '/about', 'korisnik'),
(4, 'Tim', '/tim', 'korisnik'),
(7, 'Korisnik', '/korisnik/tabela', 'admin'),
(11, 'Postovi', '/post/tabela', 'admin'),
(12, 'Kontakt', '/kontakt', 'korisnik'),
(13, 'Komentar', '/komentar/tabela', 'admin');

-- --------------------------------------------------------

--
-- Table structure for table `post`
--

CREATE TABLE `post` (
  `id_post` int(10) NOT NULL,
  `naslov` varchar(255) COLLATE utf8_unicode_ci NOT NULL,
  `opis` text COLLATE utf8_unicode_ci NOT NULL,
  `sadrzaj` text COLLATE utf8_unicode_ci NOT NULL,
  `slika` varchar(255) COLLATE utf8_unicode_ci NOT NULL,
  `alt` varchar(100) COLLATE utf8_unicode_ci NOT NULL,
  `id_korisnik` int(10) NOT NULL,
  `kreirano` int(255) NOT NULL
) ENGINE=InnoDB DEFAULT CHARSET=utf8 COLLATE=utf8_unicode_ci;

--
-- Dumping data for table `post`
--

INSERT INTO `post` (`id_post`, `naslov`, `opis`, `sadrzaj`, `slika`, `alt`, `id_korisnik`, `kreirano`) VALUES
(12, 'Rekord ukrasio proslavu rodjendana', 'Стадион: Рајко Митић\r\nГледалаца: 21.318\r\nСудија: Јован Шегрт\r\nСтрелци: Марин у 37\' (пен), Јовељић у 42\', Павков у 53\' (пен), Златковић у 67\' (аг)', 'Црвена звезда: Борјан, Гајић, Савић, Бабић, Стојковић, Јовичић, Јованчић (од 70\' Вулић), Иванић, Марин (од 37\' Ебисилио), Јовељић, Павков (од 56\' Вукановић).\r\nЗемун: Милошевић, Мијаиловић, Аземовић, Златковић, Вучић, Кисо, Кукуличић (од 56\' Томић), Нешовић, Синђић (од 46\' Тошески), Илић, Видић.\r\n\r\n\r\nПрослава 74. рођендана црвено-беле породице, као и 49. рођендана шефа стручног штаба Владана Милојевића протекли су на најбољи могући начин.\r\n\r\nНа Маракани је остварена још једна победа лидера Суперлиге и исписана историја, јер је оборен рекорд са 52 узастопне утакмице без пораза у домаћем првенству.\r\nЧудесан низ започет је 14. октобра против Мачве и траје већ скоро пуних годину и по дана, чиме је по непобедивости наслеђена генерација под вођством Славољуба Муслина. Укупно - 46 победа и шест ремија је за сада иза генерације за памћење.\r\n\r\nИ Делије су спектакуларном атмосфером увеличале славље, на трибинама је било више од 20.000 гледалаца, па је ова субота била потпуно обележена црвено-белим бојама. За убедљив тријумф побринули су се Марин, Јовељић и Павков као стрелци уз веома квалитетну и лепу фудбалску представу целог тима.\r\n\r\nШеф Милојевић је за историјску утакмицу решио да међу стативама буде Борјан, квартет испред њега чинили су Гајић, Савић, Бабић и Стојковић, ромб на средини чинили су Јовичић, Јованчић десно, Иванић лево и Марин иза најистуренијих Павкова и Јовељића.\r\n\r\nИако су црвено-бели контролисали игру од почетка и запретили у режији Иванића и Павкова већ у трећем минуту, гости су пружали врло добар отпор. Марин је, по обичају, диктирао ритам, креирао, правовремено тражио саиграче и дириговао игром шампиона.\r\n\r\nДобру шансу имао је и Савић на центаршут Стојковића, али је лопта отишла изнад пречке. Земунци су успели да узврате средином првог полувремена када се фантастичном парадом истакао наш Борјан. Врло агилан био је и Јовељић, а иницијатива су наши фудбалери крунисали у 31. минуту.\r\n\r\nПавков је био оборен у казненом простору гостију и сигуран са беле тачке био је Марко Марин рутински погодивши леви угао за 1:0. Некадашњи немачки репрезентативац недуго затим је уступио место Ебисилију који заузео позицију иза Павкова и Јовељића, што је била и прва измена у Звезди.\r\n\r\nДо одласка на паузу успели смо да удвостручимо предност. Агресивни Иванић изазвао је \"крађу\" лопте, Ебисилио ју је додао до Павкова, а он до Јовељића и талентовани нападач је затресао мрежу за 2:0.\r\n\r\nДобро кретање наш 19-годишњак је успео да материјализује и почетком другог дела, јер је повучен са леђа и досуђен је други пенал на овом мечу. Овај пут са беле тачке је прецизан био Павков који је у 56. минуту место на терену уступио Вукановићу коме је ово био деби на Маракани.\r\n\r\nПитање победника тако је брзо по повратку из свлачионица било решено... По истеку сат времена игре имао је Јовељић још једну одличну прилику, на асистенцију управо Вукановића који се сјајно ослободио чувара, шутирао је поред десне стативе.\r\n\r\nКоначан резултат постављен је у 67. минуту када је Стојковић оштро центрирао и лопта се од гостујућег дефанзивца Златковића одбила у мрежу за аутогол и убедљивих 4:0.\r\n\r\nДо краја је прилику да дебитује на Маракани добио и Милош Вулић ушавши уместо Јованчића, док су Делије на себи својствен начин увеличале 74. рођендан. Баш у 74. минуту навијачи на северној трибини приредили су ватромет и обележили рођендан онако како само они знају.\r\n\r\nПобеда за рођендан и рекорд - историја је још једном исписана црвено-белим бојама!', 'images/1552227161.jpg', 'Aaa', 1, 1552770713),
(13, 'Nova pobeda Zvezde', 'Nastavak pobednicke serije...', '- Што се тиче саме утакмице, доминирали смо после водећег гола и на крају победили. Ипак, акценат бих ставио на то, мислим да ће се и колега Дејан Ђурђевић сложио, да смо видели Земун који жели да игра фудбал, Атрактивна су екипа, играју у формацији савремених тенденција фудбала и види се шта желе. Данас смо имали феноменалан терен и они су момци уживали, и поред пораза су били срећни, како због стања терена, тако и због амбијента. Потребне су нам добре и брзе подлоге да би се много младих играча лакше развијало, а и помажу у атрактвиности игре - нагласио је Милојевић и додао:\r\n\r\n- Честитам Земуну на фер и коректној игри, као и мојим играчима. Окрећемо се дуелу четвртфинала Купа у среду, а Земуну желим да испуни циљеве и убеђен сам да ће остати суперлигаш што и заслужује као клуб.', 'images/1552435687.jpg', 'Hmmm', 1, 1552435687),
(14, 'Омладинци победом почели полусезону', 'Омладинци Црвене звезде почели су пролећну сезону дуелом против Спартака.', 'Омладинци Црвене звезде почели су пролећну сезону дуелом против Спартака. Црвено бели су на премијери у 2019. години уписали три бода, а једини погодак у сусрету са Суботичанима био је дело Луке Великића.\r\nЦрвена звезда - Спартак 1:0 (0:0)\r\n\r\nСтадион: Помоћни терен стадиона \"Рајко Митић\"\r\n\r\nГледалаца: 250.\r\n\r\nСудија: Игор Стојилковић.\r\n\r\nСтрелац: Великић у 55. минуту.\r\n\r\nЖути картон: Миликић (Црвена звезда).\r\n\r\nЦрвена звезда: Гордић, Кукољ, Стајић, Одада (од 88. Савић), Миликић, Ераковић, Новаковић, Стојановић, Купусовић (од 69. Баић), Јочић, Великић (од 80. Ајдиновић).\r\n\r\nСпартак: Стајковић, Радовановић, Јокић, Каурин, Видовић, Жижа (од 65. Плазинић), Пилиповић, Симић, Стојановић (од 59. Килибарда), Милијашевић, Молнар (од 46. Божовић).', 'images/1552812968.jpg', 'Omladina', 1, 1552812968),
(15, 'Борјан продужио уговор до 2023.', 'Оно што је било договорено још на зимским припремама у Анталији, сада је озваничено - Милан Борјан продужио...', 'Сјајни голман црвено-белих парафирао је верност шампиону Србије до лета 2023. године.\r\nОве сезоне био је чувар мреже са највише одбрана у групној фази Лиге шампиона, а бравурама међу стативама често је доносио радост звездашима.\r\n- Велика ми је част што је клуб продужио уговор са мном и што ћу бити овде наредне четири и по године. Пресрећан сам, желео бих да се захвалим Светозару Мијаиловићу, Звездану Терзићу, Митру Мркели, тренеру Владану Милојевићу на таквом поверењу. Желим да наставимо са оваквим резултатима - рекао је Борјан.', 'images/1552812983.jpg', 'Miki', 1, 1552812983),
(16, 'Дружење са играчима у Кнез Михаиловој', 'Наши фудбалери ће у петак, 8. марта, од 13 часова наставити лепу традицију дружења са звездашима, и то дан..', 'Наши фудбалери ће у петак, 8. марта, од 13 часова наставити лепу традицију дружења са звездашима, и то дан пред меч са Земуном (субота, 18:00) на којем ће бити и прослава 74. рођендана црвено-беле породице.\r\nСви који пожеле да се упознају са играчима српског шампиона моћи ће то да ураде сутра у самом центру Београда - у Кнез Михаиловој улици.\r\n\r\nФудбалери Звезде дружиће се са вама између некадашњег \"Руског цара\" и \"Београдског излога\", а поред тога што ћете моћи да добијете аутограме на специјално персонализованим картицама играча, као и да се сликате са њима, чека вас и нешто посебно.\r\n\r\nЗаједно ћемо обележити 74. рођендан црвено-беле породице, па ће бити и поклона, а како је сутра 8. март, односно Дан жена, припремили смо специјално изненађење и за наше даме.\r\n\r\nТо је сасвим довољан разлог да дођете у Кнез Михаилову улицу и проведете део дана са вашим омиљеним играчима како би се направила најлепша могућа увертира за дуел са Земуном.', 'images/1552228677.jpg', 'Druzenje', 1, 1552228677),
(17, 'Дан када је Реал пао на Маракани', 'На дан оснивања Црвене звезде, 1987. године, наш клуб је остварио једну од највећих победа у ...', 'На дан оснивања Црвене звезде, 1987. године, наш клуб је остварио једну од највећих победа у црвено-белој историји савладавши Реал Мадрид резутатом 4:2.\r\nПрви дуел четвртфинала Лиге шампиона против Реала у сезони 1986/87. припао је Црвеној звезди, а сјајна игра Београђана и данас буди позитивне емоције код актера чувеног меча.\r\n\r\n- Тријумф над Реалом је велика победа, једна од највећих у Звездиној историји и не чуди што је као таква остала урезана у срца већине звездаша. Задовољство ми је што сам био део те утакмице и што смо савладали једну од најбољих генерација Реала. Сећам се те утакмице по нашој одличној игри и великој хладноћи. Био је велики минус, али и пун стадион, самим тим и врела атмосфера - присетио се Митар Мркела.\r\n\r\nРечи спортског директора Црвене звезде потврдио је и стрелац првог поготка на чувеном мечу Бошко Ђуровски.\r\n\r\n- Температура је била минус 13, а ми у то време нисмо имали адекватну обућу за залеђен терен, па је наш економ Столе заоштрио крампоне Бори Цвтковићу, Пиксију и мени како бисмо били стабилнији на терену. Зато смо их растурили у првом полувремену.  У наставку су играчи Реала обули патике и зато су играли боље у другом делу меча. Ипак, пенал који је судија свирао уопште није постојао, а тим поготком олакшали су посао у реваншу, јер је два гола разлике знатно лакше достижно него три - рекао је Ђуровски.\r\n\r\nНа погодак Ђуровског надовезали су се голови Ђуровића и Цветковића после којих је Санчез смањио вођство црвено-белих. Јанковић је са беле тачке вратио три гола предности Звезди, а из пенала је Санчез поставио коначан резултат.\r\n\r\n- Сећамо се величанствене победе над великим клубом која је пример и данас пред сусрете са великанима. Увек играчима пред важне дуеле апострофирам велике победе које су овде остварене, а та над Реалом је једна од њих. Имали смо у претходне две године прилику да играмо против одличних клубова и сјајно је што смо успели и током прошле године да победимо једну од тренутно најбољих екипа у Европи - Ливерпул. Мислим да је за тај тријумф велика инспирација лежала управо у ранијим победама над великанима. Звезда је управо због победа против најбољих клубова у Европи и постала велика. Као што пише на улазу у наш тунел: “Овде су најбољи стварани, овде су највећи падали” - рекао је Мркела.\r\n\r\nНаш тим је у том периоду са клупе предводио Велибор Васовић, а 4. март датум је који је посебно обележио његов живот с обзиром на то да нас је на тај дан 2002. године и напустио. Из тог разлога, победа над Реалом разлог је више да се на овај дан сетимо и стратега који је оставио запажен траг у црвено-белој историји.', 'images/1552228931.jpg', 'zvereal', 1, 1552228931),
(18, 'Павков – У следећем дербију главом', 'Радост је голом у 159. вечитом дербију армији црвено-белих навијача донео Милан Павков. Наш шпиц истакао...', 'Радост је голом у 159. вечитом дербију армији црвено-белих навијача донео Милан Павков. Наш шпиц истакао је да верује да ће у наредном дербију екипа бити успешнија.\r\n- Добијао сам ваздушне дуеле, постигао сам гол и задовољан сам, урадио сам оно што се очекује од мене. Добро сам пребацио главом лопту, уследио је одличан пас Бена после кога нисам морао да примам лопту, шутирао сам из прве и то је био једини пут где је лопта могла да прође до мреже. Леп погодак, али не можемо бити задовољни крајњим резултатом – рекао је Павков.\r\n\r\nСа крцатих трибина Маракане навијачи су поново скандирали има нашег високог шпица.\r\n\r\n- Драго ми је што сам то пробудио код њих. Хвала им. Тражили су гол главом кроз песму, али мора нешто да остане и за следећи дерби. Имао сам полушансу на овој утакмици, да сам се мало боље наместио, ударио бих главом и послао лопту у мрежу.\r\n\r\nНаш нападач упоредио је голове Партизану и Ливерпулу.\r\n\r\n- Већи значај свакало би био овог гола да је био победоносни. Драг ми је и овај погодак свакако. Овај сут је био захтевнији, јер је било искоса, морало је добро да се опали.\r\n\r\nПавков се осврнуо и на целокупан ток вечитог дербија.\r\n\r\n- Нисмо задовољни исходом, јер смо игром и квалитетом заслужили три бода. Сваки дерби је пун тензије, очекују се варнице и проблеми на терену, тако је било и сада. Морамо са тим да се носимо и да изгурамо до краја. Била је жустра утакмица, много дуела на обе стране и још више фаулова. Не бих коментарисао критеријум суђења.', 'images/1552229129.jpg', 'Pavkov', 1, 1552229129);

-- --------------------------------------------------------

--
-- Table structure for table `tim`
--

CREATE TABLE `tim` (
  `id_galerija` int(10) NOT NULL,
  `putanja` varchar(255) COLLATE utf8_unicode_ci NOT NULL,
  `alt` varchar(50) COLLATE utf8_unicode_ci NOT NULL,
  `naslov` varchar(100) COLLATE utf8_unicode_ci NOT NULL
) ENGINE=InnoDB DEFAULT CHARSET=utf8 COLLATE=utf8_unicode_ci;

--
-- Dumping data for table `tim`
--

INSERT INTO `tim` (`id_galerija`, `putanja`, `alt`, `naslov`) VALUES
(1, 'images/borjan.jpg', 'Borjan', 'Golman'),
(11, 'images/stojkovic.jpg', 'Stojke', 'Odbrana'),
(12, 'images/gobelja.jpg', 'Milos Gobeljic', 'Odbrana'),
(13, 'images/savic.jpg', 'Vujadin Savic', 'Odbrana'),
(14, 'images/milijas.jpg', 'Nenad Milijas', 'Vezni'),
(15, 'images/vekisimic.jpg', 'Veljko Simic', 'Vezni'),
(16, 'images/marinbre.jpg', 'Marko Marin', 'Vezni'),
(17, '/images/dusan jovancic.jpg', 'Dusan', 'Vezni'),
(18, '/images/milan-gajic.jpg', 'Milan Gajic', 'Vezni'),
(19, 'images/boakye.jpg', 'Boaci', 'Napadac'),
(20, 'images/pavkova.jpg', 'Milan Pavkov', 'Napadac'),
(21, 'images/elfardu.jpg', 'Ben', 'Napadac');

-- --------------------------------------------------------

--
-- Table structure for table `uloga`
--

CREATE TABLE `uloga` (
  `id_uloga` int(10) NOT NULL,
  `naziv` varchar(20) COLLATE utf8_unicode_ci NOT NULL
) ENGINE=InnoDB DEFAULT CHARSET=utf8 COLLATE=utf8_unicode_ci;

--
-- Dumping data for table `uloga`
--

INSERT INTO `uloga` (`id_uloga`, `naziv`) VALUES
(1, 'admin'),
(2, 'korisnik');

--
-- Indexes for dumped tables
--

--
-- Indexes for table `komentar`
--
ALTER TABLE `komentar`
  ADD PRIMARY KEY (`id_komentar`);

--
-- Indexes for table `korisnik`
--
ALTER TABLE `korisnik`
  ADD PRIMARY KEY (`id_korisnik`);

--
-- Indexes for table `meni`
--
ALTER TABLE `meni`
  ADD PRIMARY KEY (`id_meni`);

--
-- Indexes for table `post`
--
ALTER TABLE `post`
  ADD PRIMARY KEY (`id_post`);

--
-- Indexes for table `tim`
--
ALTER TABLE `tim`
  ADD PRIMARY KEY (`id_galerija`);

--
-- Indexes for table `uloga`
--
ALTER TABLE `uloga`
  ADD PRIMARY KEY (`id_uloga`);

--
-- AUTO_INCREMENT for dumped tables
--

--
-- AUTO_INCREMENT for table `komentar`
--
ALTER TABLE `komentar`
  MODIFY `id_komentar` int(10) NOT NULL AUTO_INCREMENT, AUTO_INCREMENT=14;

--
-- AUTO_INCREMENT for table `korisnik`
--
ALTER TABLE `korisnik`
  MODIFY `id_korisnik` int(10) NOT NULL AUTO_INCREMENT, AUTO_INCREMENT=14;

--
-- AUTO_INCREMENT for table `meni`
--
ALTER TABLE `meni`
  MODIFY `id_meni` int(10) NOT NULL AUTO_INCREMENT, AUTO_INCREMENT=14;

--
-- AUTO_INCREMENT for table `post`
--
ALTER TABLE `post`
  MODIFY `id_post` int(10) NOT NULL AUTO_INCREMENT, AUTO_INCREMENT=19;

--
-- AUTO_INCREMENT for table `tim`
--
ALTER TABLE `tim`
  MODIFY `id_galerija` int(10) NOT NULL AUTO_INCREMENT, AUTO_INCREMENT=22;

--
-- AUTO_INCREMENT for table `uloga`
--
ALTER TABLE `uloga`
  MODIFY `id_uloga` int(10) NOT NULL AUTO_INCREMENT, AUTO_INCREMENT=3;
COMMIT;

/*!40101 SET CHARACTER_SET_CLIENT=@OLD_CHARACTER_SET_CLIENT */;
/*!40101 SET CHARACTER_SET_RESULTS=@OLD_CHARACTER_SET_RESULTS */;
/*!40101 SET COLLATION_CONNECTION=@OLD_COLLATION_CONNECTION */;
